AdaBoostClassifier,AdaBoostClassifier.1,AdaBoostClassifier.1.1,AdaBoostClassifier
{'classifier__n_estimators': 50},{'classifier__n_estimators': 50},{'classifier__n_estimators': 50},"{'classifier__algorithm': 'SAMME', 'classifier__base_estimator': SVC(), 'classifier__learning_rate': 0.1, 'classifier__n_estimators': 50}"
0.8214264597583885,0.8214264597583885,0.8214264597583885,0.7165226828104205
0.8036047294049793,0.8036047294049793,0.8036047294049793,0.7306027107565126
0.7955925320886814,0.7955925320886814,0.7955925320886814,0.7363803967327889
